song,time
K先生,2021/11/28 23:45
K先生,2021/11/26 13:55
K先生,2021/11/25 2:16
K先生,2021/11/22 8:08
K先生,2021/11/16 16:28
K先生,2021/11/16 8:49
K先生,2021/11/16 6:09
K先生,2021/11/11 13:14
K先生,2021/11/5 11:27
K先生,2021/11/1 18:05
K先生,2021/10/27 7:44
K先生,2021/10/22 17:54
K先生,2021/10/20 21:10
K先生,2021/10/18 15:03
K先生,2021/10/14 16:57
K先生,2021/10/12 13:12
K先生,2021/10/10 15:01
K先生,2021/10/5 13:48
K先生,2021/9/30 2:26
K先生,2021/9/28 7:39
K先生,2021/5/14 6:17
K先生,2021/5/13 9:18
K先生,2021/5/7 9:43
K先生,2021/5/6 12:42
K先生,2021/5/5 1:28
K先生,2021/5/4 17:21
K先生,2021/4/30 13:43
K先生,2021/4/28 12:23
K先生,2021/4/28 4:35
K先生,2021/4/26 18:41
K先生,2021/4/26 10:33
K先生,2021/4/26 1:17
K先生,2021/4/26 1:02
K先生,2021/4/23 16:06
K先生,2021/4/23 11:20
K先生,2021/4/22 15:11
K先生,2021/4/20 4:45
K先生,2021/4/19 6:23
K先生,2021/4/14 20:13
K先生,2021/4/13 15:27
K先生,2021/1/10 16:52
K先生,2021/1/10 14:32
K先生,2021/1/7 6:01
K先生,2021/1/3 17:16
K先生,2020/12/25 14:19
K先生,2020/12/25 14:12
K先生,2020/12/21 0:09
K先生,2020/12/18 17:09
K先生,2020/12/14 11:31
K先生,2020/12/12 8:39
K先生,2020/12/10 4:33
K先生,2020/12/10 3:34
K先生,2020/12/9 4:24
K先生,2020/12/6 13:36
K先生,2020/12/6 5:06
K先生,2020/12/5 10:31
K先生,2020/12/4 5:58
K先生,2020/12/3 2:14
K先生,2020/11/29 0:26
K先生,2020/11/28 10:27
K先生,2020/10/12 4:04
K先生,2020/10/12 4:02
K先生,2020/10/11 22:56
K先生,2020/10/11 14:28
K先生,2020/10/10 16:41
K先生,2020/10/8 12:44
K先生,2020/10/6 11:31
K先生,2020/10/6 11:17
K先生,2020/10/5 3:54
K先生,2020/10/4 13:42
K先生,2020/10/4 1:55
K先生,2020/10/3 6:01
K先生,2020/10/3 6:00
K先生,2020/10/3 4:48
K先生,2020/10/2 16:50
K先生,2020/10/2 8:39
K先生,2020/9/30 15:06
K先生,2020/9/30 15:04
K先生,2020/9/29 12:58
K先生,2020/9/27 3:06
K先生,2020/7/22 14:45
K先生,2020/7/22 12:08
K先生,2020/7/22 7:27
K先生,2020/7/22 5:42
K先生,2020/7/22 5:08
K先生,2020/7/22 4:53
K先生,2020/7/21 23:59
K先生,2020/7/21 17:05
K先生,2020/7/21 16:19
K先生,2020/7/21 14:43
K先生,2020/7/21 12:21
K先生,2020/7/21 11:54
K先生,2020/7/20 16:51
K先生,2020/7/20 12:03
K先生,2020/7/19 5:59
K先生,2020/7/19 2:56
K先生,2020/7/18 23:41
K先生,2020/7/18 15:32
K先生,2020/7/18 15:31
K先生,2020/7/18 12:41
K先生,2020/6/11 22:48
K先生,2020/6/11 11:35
K先生,2020/6/11 7:38
K先生,2020/6/11 5:29
K先生,2020/6/11 2:00
K先生,2020/6/6 15:43
K先生,2020/6/6 14:23
K先生,2020/6/4 15:33
K先生,2020/6/2 2:44
K先生,2020/5/30 15:55
K先生,2020/5/17 16:52
K先生,2020/5/12 13:27
K先生,2020/5/1 12:01
K先生,2020/4/27 12:38
K先生,2020/4/27 12:35
K先生,2020/4/27 8:47
K先生,2020/4/25 6:37
K先生,2020/4/25 5:33
K先生,2020/4/25 5:32
K先生,2020/4/24 23:33
K先生,2020/3/13 6:52
K先生,2020/3/12 1:59
K先生,2020/3/11 9:48
K先生,2020/3/10 15:01
K先生,2020/3/8 18:08
K先生,2020/3/6 0:31
K先生,2020/3/5 10:24
K先生,2020/3/4 15:39
K先生,2020/3/3 16:34
K先生,2020/3/1 16:52
K先生,2020/2/29 15:16
K先生,2020/2/29 12:23
K先生,2020/2/29 7:59
K先生,2020/2/28 15:47
K先生,2020/2/28 8:12
K先生,2020/2/27 2:26
K先生,2020/2/26 23:27
K先生,2020/2/26 2:20
K先生,2020/2/25 15:16
K先生,2020/2/25 15:15
K先生,2020/2/2 2:44
K先生,2020/2/2 2:34
K先生,2020/2/2 2:12
K先生,2020/2/2 2:00
K先生,2020/1/31 18:37
K先生,2020/1/31 14:56
K先生,2020/1/31 14:55
K先生,2020/1/31 12:51
K先生,2020/1/31 7:08
K先生,2020/1/30 15:21
K先生,2020/1/29 6:41
K先生,2020/1/26 11:28
K先生,2020/1/22 13:22
K先生,2020/1/21 12:57
K先生,2020/1/20 10:22
K先生,2020/1/18 15:35
K先生,2020/1/18 11:37
K先生,2020/1/18 8:11
K先生,2020/1/17 19:15
K先生,2020/1/17 0:33
K先生,2019/12/30 7:59
K先生,2019/12/30 5:32
K先生,2019/12/29 18:00
K先生,2019/12/29 16:08
K先生,2019/12/29 14:34
K先生,2019/12/29 10:12
K先生,2019/12/29 5:34
K先生,2019/12/29 3:28
K先生,2019/12/29 3:05
K先生,2019/12/28 16:29
K先生,2019/12/28 16:19
K先生,2019/12/28 15:59
K先生,2019/12/28 13:14
K先生,2019/12/28 13:08
K先生,2019/12/28 12:57
K先生,2019/12/28 10:37
K先生,2019/12/27 15:49
K先生,2019/12/27 14:58
K先生,2019/12/27 14:49
K先生,2019/12/27 6:56
K先生,2019/12/23 17:38
K先生,2019/12/23 17:24
K先生,2019/12/23 17:20
K先生,2019/12/23 17:19
K先生,2019/12/23 17:19
K先生,2019/12/23 17:19
K先生,2019/12/23 17:11
K先生,2019/12/23 17:07
K先生,2019/12/23 17:04
K先生,2019/12/23 16:58
K先生,2019/12/23 16:53
K先生,2019/12/23 16:52
K先生,2019/12/23 16:49
K先生,2019/12/23 16:44
K先生,2019/12/23 16:35
K先生,2019/12/23 16:34
K先生,2019/12/23 16:33
K先生,2019/12/23 16:32
K先生,2019/12/23 16:32
K先生,2019/12/23 16:32
K先生,2019/12/23 14:19
K先生,2019/12/23 14:17
K先生,2019/12/23 14:17
K先生,2019/12/23 14:14
K先生,2019/12/23 14:10
K先生,2019/12/23 14:06
K先生,2019/12/23 13:59
K先生,2019/12/23 13:58
K先生,2019/12/23 13:54
K先生,2019/12/23 13:54
K先生,2019/12/23 13:50
K先生,2019/12/23 13:50
K先生,2019/12/23 13:50
K先生,2019/12/23 13:47
K先生,2019/12/23 13:29
K先生,2019/12/23 13:19
K先生,2019/12/23 13:12
K先生,2019/12/23 13:09
K先生,2019/12/23 13:05
K先生,2019/12/23 13:03
K先生,2019/12/23 10:45
K先生,2019/12/23 10:41
K先生,2019/12/23 10:41
K先生,2019/12/23 10:40
K先生,2019/12/23 10:24
K先生,2019/12/23 10:10
K先生,2019/12/23 10:09
K先生,2019/12/23 9:51
K先生,2019/12/23 9:45
K先生,2019/12/23 9:27
K先生,2019/12/23 9:17
K先生,2019/12/23 9:02
K先生,2019/12/23 8:58
K先生,2019/12/23 8:41
K先生,2019/12/23 7:50
K先生,2019/12/23 6:53
K先生,2019/12/23 6:20
K先生,2019/12/23 6:08
K先生,2019/12/23 5:25
K先生,2019/12/23 5:12
K先生,2019/12/22 5:19
K先生,2019/12/22 5:17
K先生,2019/12/22 5:11
K先生,2019/12/22 3:38
K先生,2019/12/22 3:31
K先生,2019/12/22 2:47
K先生,2019/12/22 2:30
K先生,2019/12/22 2:03
K先生,2019/12/22 1:59
K先生,2019/12/22 1:34
K先生,2019/12/22 1:05
K先生,2019/12/21 23:44
K先生,2019/12/21 18:35
K先生,2019/12/21 18:33
K先生,2019/12/21 18:22
K先生,2019/12/21 17:26
K先生,2019/12/21 17:10
K先生,2019/12/21 16:38
K先生,2019/12/21 16:12
K先生,2019/12/21 16:00
K先生,2019/12/21 7:11
K先生,2019/12/21 7:10
K先生,2019/12/21 6:55
K先生,2019/12/21 6:08
K先生,2019/12/21 6:07
K先生,2019/12/21 6:00
K先生,2019/12/21 5:58
K先生,2019/12/21 5:40
K先生,2019/12/21 5:03
K先生,2019/12/21 4:57
K先生,2019/12/21 4:56
K先生,2019/12/21 4:55
K先生,2019/12/21 4:42
K先生,2019/12/21 4:37
K先生,2019/12/21 3:58
K先生,2019/12/21 3:56
K先生,2019/12/21 3:44
K先生,2019/12/21 3:23
K先生,2019/12/21 3:22
K先生,2019/12/21 3:06
K先生,2019/12/20 15:44
K先生,2019/12/20 15:43
K先生,2019/12/20 15:38
K先生,2019/12/20 15:37
K先生,2019/12/20 15:36
K先生,2019/12/20 15:35
K先生,2019/12/20 15:29
K先生,2019/12/20 15:26
K先生,2019/12/20 15:25
K先生,2019/12/20 15:21
K先生,2019/12/20 15:18
K先生,2019/12/20 15:16
K先生,2019/12/20 15:12
K先生,2019/12/20 15:11
K先生,2019/12/20 15:09
K先生,2019/12/20 15:08
K先生,2019/12/20 15:05
K先生,2019/12/20 15:03
K先生,2019/12/20 15:03
K先生,2019/12/20 15:01
K先生,2019/12/20 12:56
K先生,2019/12/20 12:52
K先生,2019/12/20 12:44
K先生,2019/12/20 12:43
K先生,2019/12/20 12:37
K先生,2019/12/20 12:27
K先生,2019/12/20 12:26
K先生,2019/12/20 12:26
K先生,2019/12/20 12:25
K先生,2019/12/20 12:22
K先生,2019/12/20 12:17
K先生,2019/12/20 12:17
K先生,2019/12/20 12:16
K先生,2019/12/20 12:15
K先生,2019/12/20 12:15
K先生,2019/12/20 12:14
K先生,2019/12/20 12:13
K先生,2019/12/20 12:09
K先生,2019/12/20 12:07
K先生,2019/12/20 12:07
K先生,2019/12/20 10:37
K先生,2019/12/20 10:37
K先生,2019/12/20 10:36
K先生,2019/12/20 10:34
K先生,2019/12/20 10:33
K先生,2019/12/20 10:32
K先生,2019/12/20 10:31
K先生,2019/12/20 10:31
K先生,2019/12/20 10:26
K先生,2019/12/20 10:26
K先生,2019/12/20 10:25
K先生,2019/12/20 10:25
K先生,2019/12/20 10:25
K先生,2019/12/20 10:23
K先生,2019/12/20 10:21
K先生,2019/12/20 10:21
K先生,2019/12/20 10:15
K先生,2019/12/20 10:09
K先生,2019/12/20 10:09
K先生,2019/12/20 10:07
K先生,2019/12/20 7:56
K先生,2019/12/20 7:53
K先生,2019/12/20 7:52
K先生,2019/12/20 7:46
K先生,2019/12/20 7:44
K先生,2019/12/20 7:35
K先生,2019/12/20 7:33
K先生,2019/12/20 7:32
K先生,2019/12/20 7:31
K先生,2019/12/20 7:29
K先生,2019/12/20 7:26
K先生,2019/12/20 7:21
K先生,2019/12/20 7:20
K先生,2019/12/20 7:20
K先生,2019/12/20 7:19
K先生,2019/12/20 7:17
K先生,2019/12/20 7:15
K先生,2019/12/20 7:13
K先生,2019/12/20 7:08
K先生,2019/12/20 7:06
K先生,2019/12/20 5:52
K先生,2019/12/20 5:50
K先生,2019/12/20 5:49
K先生,2019/12/20 5:47
K先生,2019/12/20 5:44
K先生,2019/12/20 5:43
K先生,2019/12/20 5:43
K先生,2019/12/20 5:42
K先生,2019/12/20 5:40
K先生,2019/12/20 5:39
K先生,2019/12/20 5:37
K先生,2019/12/20 5:37
K先生,2019/12/20 5:35
K先生,2019/12/20 5:35
K先生,2019/12/20 5:35
K先生,2019/12/20 5:33
K先生,2019/12/20 5:32
K先生,2019/12/20 5:27
K先生,2019/12/20 5:26
K先生,2019/12/20 5:25
K先生,2019/12/20 4:55
K先生,2019/12/20 4:55
K先生,2019/12/20 4:55
K先生,2019/12/20 4:53
K先生,2019/12/20 4:53
K先生,2019/12/20 4:52
K先生,2019/12/20 4:52
K先生,2019/12/20 4:50
K先生,2019/12/20 4:50
K先生,2019/12/20 4:49
K先生,2019/12/20 4:48
K先生,2019/12/20 4:47
K先生,2019/12/20 4:47
K先生,2019/12/20 4:46
K先生,2019/12/20 4:46
K先生,2019/12/20 4:46
K先生,2019/12/20 4:46
K先生,2019/12/20 4:45
K先生,2019/12/20 4:45
K先生,2019/12/20 4:45
K先生,2019/12/20 4:27
K先生,2019/12/20 4:27
K先生,2019/12/20 4:27
K先生,2019/12/20 4:27
K先生,2019/12/20 4:26
K先生,2019/12/20 4:26
K先生,2019/12/20 4:26
K先生,2019/12/20 4:25
K先生,2019/12/20 4:25
K先生,2019/12/20 4:25
K先生,2019/12/20 4:25
K先生,2019/12/20 4:25
K先生,2019/12/20 4:25
K先生,2019/12/20 4:24
K先生,2019/12/20 4:24
K先生,2019/12/20 4:24
K先生,2019/12/20 4:24
K先生,2019/12/20 4:24
K先生,2019/12/20 4:23
K先生,2019/12/20 4:23
K先生,2019/12/20 4:11
K先生,2019/12/20 4:11
K先生,2019/12/20 4:11
K先生,2019/12/20 4:11
K先生,2019/12/20 4:11
K先生,2019/12/20 4:11
K先生,2019/12/20 4:10
K先生,2019/12/20 4:10
K先生,2019/12/20 4:10
K先生,2019/12/20 4:10
K先生,2019/12/20 4:10
K先生,2019/12/20 4:10
K先生,2019/12/20 4:10
K先生,2019/12/20 4:10
K先生,2019/12/20 4:08
K先生,2019/12/20 4:08
K先生,2019/12/20 4:08
K先生,2019/12/20 4:07
K先生,2019/12/20 4:07
K先生,2019/12/20 4:06
K先生,2019/12/20 3:52
K先生,2019/12/20 3:52
K先生,2019/12/20 3:52
K先生,2019/12/20 3:52
K先生,2019/12/20 3:51
K先生,2019/12/20 3:41
K先生,2019/12/20 3:33
K先生,2019/12/20 3:14
K先生,2019/12/20 2:46
K先生,2019/12/20 2:19
K先生,2019/12/20 2:07
K先生,2019/12/20 1:50
K先生,2019/12/20 1:50
K先生,2019/12/20 1:43
K先生,2019/12/20 1:41
K先生,2019/12/20 1:03
K先生,2019/12/20 0:56
K先生,2019/12/20 0:15
K先生,2019/12/20 0:14
K先生,2019/12/20 0:08
K先生,2019/12/19 16:31
K先生,2019/12/19 16:30
K先生,2019/12/19 16:29
K先生,2019/12/19 16:28
K先生,2019/12/19 16:27
K先生,2019/12/19 16:22
K先生,2019/12/19 16:22
K先生,2019/12/19 16:21
K先生,2019/12/19 16:19
K先生,2019/12/19 16:18
K先生,2019/12/19 16:16
K先生,2019/12/19 16:15
K先生,2019/12/19 16:13
K先生,2019/12/19 16:12
K先生,2019/12/19 16:11
K先生,2019/12/19 16:11
K先生,2019/12/19 16:11
K先生,2019/12/19 16:10
K先生,2019/12/19 16:04
K先生,2019/12/19 16:03
